{"cameraMode":{"drawMode":0,"name":"Shaded","section":"Shading Mode"},"sceneLighting":false,"audioPlay":false,"sceneViewState":{"m_AlwaysRefresh":false,"showFog":true,"showSkybox":true,"showFlares":true,"showImageEffects":true,"showParticleSystems":true,"showVisualEffectGraphs":true,"m_FxEnabled":true},"in2DMode":false,"pivot":{"x":0.4177513122558594,"y":4.088955402374268,"z":2.0028960704803469},"rotation":{"x":0.0011465981369838119,"y":0.9975284934043884,"z":-0.0683356523513794,"w":0.016756631433963777},"size":1.6480755805969239,"orthographic":false}