{"cameraMode":{"drawMode":0,"name":"Shaded","section":"Shading Mode"},"sceneLighting":false,"audioPlay":false,"sceneViewState":{"m_AlwaysRefresh":false,"showFog":true,"showSkybox":true,"showFlares":true,"showImageEffects":true,"showParticleSystems":true,"showVisualEffectGraphs":true,"m_FxEnabled":true},"in2DMode":false,"pivot":{"x":-5.0488386154174809,"y":-1.009889841079712,"z":19.19818115234375},"rotation":{"x":-0.13300327956676484,"y":0.03893774747848511,"z":-0.005226016975939274,"w":-0.9903522729873657},"size":3.3863747119903566,"orthographic":false}